<BloxstrapCustomBootstrapper Version="1" Height="540" Width="960" AllowTransparency="False" Background="#1436d9" WindowBackdropType="Disable" WindowCornerPreference="Round">
	<TitleBar Title="" ShowClose="False" ShowMinimize="False"  />
	
	<TextBlock Name="Username" Text="User"  Panel.ZIndex="2" HorizontalAlignment="Center" VerticalAlignment="Center" Margin="0,-15,0,0" FontSize="35" FontFamily="#Segoe UI SemiBold" />
	

	<Ellipse Height="160" Width="160"  HorizontalAlignment="Center" VerticalAlignment="Center" Margin="0,-240,0,0" Panel.ZIndex="2">
		<Ellipse.Fill>
				<ImageBrush ImageSource="C:\ProgramData\Microsoft\User Account Pictures\user.png" />
		</Ellipse.Fill>
	</Ellipse>
	
	<Image Source="theme://wallpaper.jpg" Height="540" Width="960" Margin="0,-35,0,0" Panel.ZIndex="1">
    		<Image.Effect>
        		<BlurEffect Radius="35"/>
    		</Image.Effect>
	</Image>
	
	<ProgressRing Name="PrimaryProgressRing" Foreground="White" Width="48" Height="48" HorizontalAlignment="Center" VerticalAlignment="Center" Margin="0,110,0,0" Panel.ZIndex="2" />
	<TextBlock Name="StatusText" FontFamily="#Segoe UI SemiBold" FontSize="20" FontWeight="Bold" HorizontalAlignment="Center" VerticalAlignment="Center" Margin="0,225,0,0" Panel.ZIndex="2" />
	
	<Button Name="CancelButton" FontFamily="#Segoe Fluent Icons" Content="" FontSize="16" Background="#00FFFFFF" BorderThickness="0" HorizontalAlignment="Right" VerticalAlignment="Bottom" Margin="0,0,15,15"  Panel.ZIndex="2" />

</BloxstrapCustomBootstrapper>