<!-- This theme was created by Network (NetSoftworks)
	 If you modify and redistribute this theme, please credit the original author. -->

<BloxstrapCustomBootstrapper Version="1" Height="420" Width="730" Theme="Light" WindowCornerPreference="Round" Background="#0C0C0C" Foreground="#cccccc">
	<Rectangle Fill="#FFF" Height="31" Width="740" Margin="0,-33,0,0"></Rectangle>
	<TitleBar Title="" ShowMinimize="True" ShowClose="True"/>
	<Image Source="theme://cmd.png" Width="16" Height="16"  Margin="9,-23,0,0"></Image>
	<TextBlock Text="Administrator: Command Prompt" FontSize="12" Margin="30,-25,0,0" Foreground="#000"></TextBlock>
	<StackPanel Orientation="Vertical" Margin="0,-1,0,0">
		<TextBlock Text="Microsoft Windows [Version 10.0.26100.3194]" FontFamily="Consolas"></TextBlock>
		<TextBlock Text="(c) Microsoft Corporation. All rights reserved." FontFamily="Consolas"></TextBlock>
		<TextBlock Text="C:\Windows\System32>cd %localappdata%\Bloxstrap" FontFamily="Consolas" Margin="0,16,0,0"></TextBlock>
		<TextBlock Text="C:\Users\User\AppData\Local\Bloxstrap>Bloxstrap.exe" FontFamily="Consolas" Margin="0,16,0,0"></TextBlock>
		<TextBlock Name="StatusText" FontFamily="Consolas" Margin="0,20,0,0"></TextBlock>
		<ProgressBar Name="PrimaryProgressBar" Foreground="#2777E4" Background="#123668" Height="18" Width="240" CornerRadius="0"  IndicatorCornerRadius="0" Margin="0,15,0,0" BorderThickness="0"/>
	</StackPanel>
	<Image Source="theme://scrollbar.png" Margin="0,-2,-1,0" HorizontalAlignment="Right"></Image>
</BloxstrapCustomBootstrapper>