<!-- This theme is made by Network (NetSoftworks)
	
	DO NOT REDISTRIBUTE
-->

<BloxstrapCustomBootstrapper Version="1" Height="430" Width="750" Theme="Dark" IgnoreTitleBarInset="True">
	<TitleBar Title="" ShowClose="True" ShowMinimize="False" />
	<Image Source="theme://rovalra.png" Height="600" Width="750" Margin="0,-15,0,0"></Image>
	<TextBlock Name="StatusText" FontSize="20" FontFamily="theme://# Arial" VerticalAlignment="Bottom" HorizontalAlignment="Center" Margin="0,0,0,65"> </TextBlock>
	<ProgressBar Name="PrimaryProgressBar" Width="650" Height="20" VerticalAlignment="Bottom" HorizontalAlignment="Center" Margin="0,0,0,30">
	    <ProgressBar.Foreground>
                <LinearGradientBrush StartPoint="0.2,-0.2" EndPoint="0.8,1.2">
                    <GradientStop Color="#df1c1c" Offset="0.10"/>
                    <GradientStop Color="#df7c1c" Offset="0.35"/>
                    <GradientStop Color="#dfd81c" Offset="0.60"/>
                    <GradientStop Color="#58df1c" Offset="0.80"/>
                </LinearGradientBrush>
		</ProgressBar.Foreground>
	</ProgressBar>
</BloxstrapCustomBootstrapper>