<!-- This theme was created by Network.
	 If you modify and redistribute this theme, please credit the original author. -->

<BloxstrapCustomBootstrapper Version="1" Height="480" Width="930">
	<BloxstrapCustomBootstrapper.Background>  
        <ImageBrush ImageSource="theme://bg.png"/>
	</BloxstrapCustomBootstrapper.Background> 
	<TitleBar Title="" ShowMinimize="False" ShowClose="False" Visibility="Hidden"/>
	<TextBlock Name="StatusText" HorizontalAlignment="Left" FontSize="29" FontWeight="Normal" FontFamily="theme://# Arial" Foreground="#dedede" Margin="68,352,0,0" />   
	<TextBlock Text="By YourUsername" HorizontalAlignment="Left" FontSize="18" FontWeight="Normal" FontFamily="theme://# Arial" Foreground="#dedede" Margin="70,390,0,0" />
	<TextBlock Text="Loading..." HorizontalAlignment="Center" FontFamily="theme://# Arial" VerticalAlignment="Center" FontSize="11" FontWeight="Regular" Foreground="White" Margin="732,315,0,0" />
	<Button Background="Transparent" Name="CancelButton" HorizontalAlignment="Right" Margin="0,-35,-5,0" Height="50" Width="50" BorderThickness="0">
            <Button.Content>
                    <Image Source="theme://cross.png"/>
             </Button.Content>
         </Button>
	<Image Source="theme://loading.gif" IsAnimated="True" Height="80" Width="80" HorizontalAlignment="Right" Margin="0,340,60,0"/>
</BloxstrapCustomBootstrapper>