<BloxstrapCustomBootstrapper Version="1" Width="800" Height="450" IgnoreTitleBarInset="True">
	<TitleBar Title="" ShowMinimize="False" ShowClose="False"/>
	
	<BloxstrapCustomBootstrapper.Background>
		<SolidColorBrush Color="#CC000000"/>
	</BloxstrapCustomBootstrapper.Background>
	
	<Image Source="theme://Assets/rain2.gif" Stretch="UniformToFill" IsAnimated="True"/>
	<Image Source="theme://Assets/rain3.gif" Stretch="UniformToFill" IsAnimated="True" Opacity="0.09"/>
	<Image Source="theme://Assets/Rivulet_title_screen.png" Stretch="UniformToFill"/>
	
	<TextBlock Width="800" Height="30" Text="Press anywhere to exit" Foreground="#FFFFFF" VerticalAlignment="Bottom" FontSize="10"/>
	
	<Button Name="CancelButton" Opacity="0" Width="800" Height="450"/>
</BloxstrapCustomBootstrapper>