<!-- This theme is made by Network 
	
	DO NOT REDISTRIBUTE
-->

<BloxstrapCustomBootstrapper Version="1" Height="274" Width="305" Theme="Light" AllowTransparency="False" WindowBackdropType="Disable" WindowCornerPreference="Round">
	<TitleBar Title="" ShowClose="True" ShowMinimize="True"></TitleBar>
	<TextBlock Text="WinRAR" FontSize="12" Foreground="#000" Margin="30,-25,0,0"></TextBlock>
	<Image Source="theme://WinRAR_icon.png" Width="16" Height="16"  Margin="9,-24,0,0"></Image>
	<Rectangle Fill="#F0F0F0" Width="310" Height="300"></Rectangle>
	
	<Rectangle Width="285" Height="62" Fill="#dcdcdc" Margin="10,9,0,0"></Rectangle>
	<Rectangle Width="283" Height="60" Fill="#F0F0F0" Margin="11,10,0,0"></Rectangle>
	
	<StackPanel Orientation="Vertical" HorizontalAlignment="Center" Margin="0,13,0,0">
		<TextBlock Name="StatusText" Text="RobloxApp.zip" Foreground="#000" FontSize="12"></TextBlock>
		<StackPanel Orientation="Horizontal">
			<TextBlock Text="RobloxPlayerBeta.exe" Foreground="#000" FontSize="12"></TextBlock>
			<TextBlock Text="47%" Foreground="#000" FontSize="12" Margin="135,0,0,0"></TextBlock>
		</StackPanel>
		<ProgressBar IsIndeterminate="True" Margin="0,2,0,0" Height="16" Width="271" BorderBrush="#BCBCBC" BorderThickness="1" CornerRadius="0" IndicatorCornerRadius="0" Background="#E6E6E6" Foreground="#06b025"></ProgressBar>
	</StackPanel>
	
	<Rectangle Width="285" Height="100" Fill="#dcdcdc" Margin="10,79,0,0"></Rectangle>
	<Rectangle Width="283" Height="98" Fill="#F0F0F0" Margin="11,80,0,0"></Rectangle>
	
	<StackPanel Orientation="Vertical" HorizontalAlignment="Center" Margin="0,82,0,0">
		<StackPanel Orientation="Vertical">
			<StackPanel Orientation="Horizontal">
				<TextBlock Text="Elapsed time" Foreground="#000" FontSize="12"></TextBlock>
				<TextBlock Text="00:01:21" Foreground="#000" FontSize="12" Margin="160,0,0,0"></TextBlock>
			</StackPanel>
			<StackPanel Orientation="Horizontal">
				<TextBlock Text="Time left" Foreground="#000" FontSize="12"></TextBlock>
				<TextBlock Text="00:00:42" Foreground="#000" FontSize="12" Margin="181,0,0,0"></TextBlock>
			</StackPanel>
		</StackPanel>
		
		<Border Background="#a0a0a0" Height="1" Width="270" Margin="0,5,0,2"></Border>
		
		<StackPanel Orientation="Vertical">
			<StackPanel Orientation="Vertical">
				<StackPanel Orientation="Horizontal">
					<TextBlock Text="Compression ratio" Foreground="#000" FontSize="12"></TextBlock>
					<TextBlock Text="87%" Foreground="#000" FontSize="12" Margin="149,0,0,0"></TextBlock>
				</StackPanel>
				<StackPanel Orientation="Horizontal">
					<TextBlock Text="Processed" Foreground="#000" FontSize="12"></TextBlock>
					<TextBlock Text="97%" Foreground="#000" FontSize="12" Margin="193,0,0,0"></TextBlock>
				</StackPanel>
			</StackPanel>
		</StackPanel>
		
		<ProgressBar IsIndeterminate="True" Margin="0,2,0,0" Height="16" Width="271" BorderBrush="#BCBCBC" BorderThickness="1" CornerRadius="0" IndicatorCornerRadius="0" Background="#E6E6E6" Foreground="#06b025"></ProgressBar>
	</StackPanel>

	<StackPanel Orientation="Horizontal" HorizontalAlignment="Center" VerticalAlignment="Bottom" Margin="0,0,0,6">
		<StackPanel Orientation="Vertical">
			<Button Content="Background" Foreground="#000" Background="#FFF" Width="140" Height="23" Padding="0" FontSize="11" BorderBrush="#006bbe" BorderThickness="1" CornerRadius="0" Margin="0,0,0,5">
			</Button>
			<Button Content="Cancel" Name="CancelButton" Background="#FFF" Width="140" Padding="0" Height="23" FontSize="11" BorderBrush="#adadad" BorderThickness="1" CornerRadius="0"></Button>
		</StackPanel>
		<StackPanel Orientation="Vertical" Margin="5,0,0,0">
			<Button Content="Pause" Foreground="#000" Background="#FFF" Width="140" Padding="0" Height="23" FontSize="11" BorderBrush="#adadad" BorderThickness="1" CornerRadius="0" Margin="0,0,0,5"></Button>
			<StackPanel Orientation="Horizontal">
				<Button Content="Mode..." Foreground="#000" Background="#FFF" Width="70" Padding="0" Height="23" FontSize="11" BorderBrush="#adadad" BorderThickness="1" CornerRadius="0"></Button>
				<Button Content="Help" Foreground="#000" Background="#FFF" Width="65" Padding="0" Height="23" FontSize="11" BorderBrush="#adadad" BorderThickness="1" CornerRadius="0" Margin="5,0,0,0"></Button>
			</StackPanel>
		</StackPanel>
	</StackPanel>

</BloxstrapCustomBootstrapper>