<!-- This theme was created by Network (NetSoftworks).
	 If you modify and redistribute this theme, please credit the original author. -->
	 
<BloxstrapCustomBootstrapper Version="1" Height="520" Width="920" Theme="Dark">
	<Rectangle Fill="#2d2d2d" Height="540" Width="920" Margin="0,-40,0,0"></Rectangle>
	<TitleBar Title="" ShowMinimize="False" ShowClose="False" Visibility="Hidden"/>
	
	<Image Source="theme://something.png" Width="200" Height="200" HorizontalAlignment="Center" Margin="0,51,0,0"></Image>
	
	<TextBlock Name="StatusText" FontSize="35" FontFamily="Source Sans 3" HorizontalAlignment="Center" Margin="0,260,0,0"></TextBlock>
	<TextBlock Text="By YourUsername" FontSize="17" FontFamily="Source Sans 3" HorizontalAlignment="Center" Margin="0,308,0,0" FontWeight="ExtraLight"></TextBlock>
	<TextBlock Text="Joining Server" FontSize="14" FontFamily="Source Sans 3" HorizontalAlignment="Center" Margin="0,330,0,0" FontWeight="ExtraLight"></TextBlock>
	
	<Image Source="theme://roblox_ico_spinner.gif" Width="70" Height="70" HorizontalAlignment="Right" Margin="0,401,20,0" IsAnimated="True"></Image>
	
	<Button Name="CancelButton" Background="Transparent" HorizontalAlignment="Right" Margin="0,-35,-5,0" Height="50" Width="50" BorderThickness="0">
            <Button.Content>
                    <Image Source="theme://cancelButton.png"/>
             </Button.Content>
         </Button>
	
</BloxstrapCustomBootstrapper>