{
  "name": "Arimo",
  "faces": [
    {
      "name": "Regular",
      "weight": 400,
      "style": "normal",
      "assetId": "rbxasset://fonts/CustomFont.ttf"
    },
    {
      "name": "Italic",
      "weight": 400,
      "style": "italic",
      "assetId": "rbxasset://fonts/CustomFont.ttf"
    },
    {
      "name": "Medium",
      "weight": 500,
      "style": "normal",
      "assetId": "rbxasset://fonts/CustomFont.ttf"
    },
    {
      "name": "Medium Italic",
      "weight": 500,
      "style": "italic",
      "assetId": "rbxasset://fonts/CustomFont.ttf"
    },
    {
      "name": "Semi Bold",
      "weight": 600,
      "style": "normal",
      "assetId": "rbxasset://fonts/CustomFont.ttf"
    },
    {
      "name": "Semi Bold Italic",
      "weight": 600,
      "style": "italic",
      "assetId": "rbxasset://fonts/CustomFont.ttf"
    },
    {
      "name": "Bold",
      "weight": 700,
      "style": "normal",
      "assetId": "rbxasset://fonts/CustomFont.ttf"
    },
    {
      "name": "Bold Italic",
      "weight": 700,
      "style": "italic",
      "assetId": "rbxasset://fonts/CustomFont.ttf"
    }
  ]
}