{
  "name": "Inconsolata",
  "faces": [
    {
      "name": "Extra Light",
      "weight": 200,
      "style": "normal",
      "assetId": "rbxasset://fonts/CustomFont.ttf"
    },
    {
      "name": "Light",
      "weight": 300,
      "style": "normal",
      "assetId": "rbxasset://fonts/CustomFont.ttf"
    },
    {
      "name": "Regular",
      "weight": 400,
      "style": "normal",
      "assetId": "rbxasset://fonts/CustomFont.ttf"
    },
    {
      "name": "Medium",
      "weight": 500,
      "style": "normal",
      "assetId": "rbxasset://fonts/CustomFont.ttf"
    },
    {
      "name": "Semi Bold",
      "weight": 600,
      "style": "normal",
      "assetId": "rbxasset://fonts/CustomFont.ttf"
    },
    {
      "name": "Bold",
      "weight": 700,
      "style": "normal",
      "assetId": "rbxasset://fonts/CustomFont.ttf"
    },
    {
      "name": "Extra Bold",
      "weight": 800,
      "style": "normal",
      "assetId": "rbxasset://fonts/CustomFont.ttf"
    },
    {
      "name": "Black",
      "weight": 900,
      "style": "normal",
      "assetId": "rbxasset://fonts/CustomFont.ttf"
    }
  ]
}