<!-- This theme is made by Network (NetSoftworks)
	
	DO NOT REDISTRIBUTE
-->
	 
<BloxstrapCustomBootstrapper Version="1" Height="520" Width="900" Theme="Dark">
	<Rectangle Fill="#000000" Height="530" Width="900" Margin="0,-40,0,0"></Rectangle>
	<TitleBar Title="" ShowMinimize="False" ShowClose="False" Visibility="Hidden"/>
	<Image Source="theme://GameBanner1.png" Width="740" Height="650"></Image>
	<TextBlock Name="StatusText" FontFamily="theme://#Chinese Rocks RG" FontSize="35" ZIndex="1" Margin="150,399,0,0" Foreground="#8d0004" HorizontalAlignment="Left"></TextBlock>
	<Image Source="theme://LoadingCircle.gif" IsAnimated="True" Width="100" Height="100" Margin="51,0,0,20" HorizontalAlignment="Left" VerticalAlignment="Bottom"></Image>
</BloxstrapCustomBootstrapper>