<BloxstrapCustomBootstrapper Version="1" Height="500" Width="700" AllowTransparency="False" Background="#11101a" WindowBackdropType="Disable" WindowCornerPreference="Default">
	<TitleBar Title="" ShowClose="False" ShowMinimize="False" />
	<Image Source="theme://Icon.png" Width="45" Height="45" VerticalAlignment="Top" HorizontalAlignment="Center" Margin="-570,-5,0,0" />
	<Image Source="theme://pictures.png" Height="350" Width="350" HorizontalAlignment="Center" VerticalAlignment="Center" Margin="-300,80,0,0" />
	<TextBlock Text="Opera GX" FontFamily="theme://#ReadexPro" FontSize="30" VerticalAlignment="Top" HorizontalAlignment="Center" Margin="-370,2,0,0" />
	<TextBlock Text="Customize your design" FontWeight="Bold" FontSize="20" HorizontalAlignment="Center" VerticalAlignment="Center" Margin="320,-15,0,0" />
	<TextBlock Text="Complete your gaming setup with dark themes, wallpapers and LED accents"  Width="250" TextAlignment="Left"  TextWrapping="Wrap" HorizontalAlignment="Center" VerticalAlignment="Center" Margin="360,70,0,0" />
	<TextBlock Name="StatusText" HorizontalAlignment="Left" VerticalAlignment="Center" Margin="40,-330,0,0" />
	<ProgressBar Name="PrimaryProgressBar" Height="30" Width="620" HorizontalAlignment="Center" VerticalAlignment="Top" Margin="0,90,0,0" Foreground="#b61b3a" Background="#4b3e63" BorderThickness="0"  CornerRadius="0" IndicatorCornerRadius="0" />
</BloxstrapCustomBootstrapper> 